user_id	user_type
u1	anon
u2	anon
u3	anon
u4	anon
u5	anon
u6	anon
u7	anon
u8	anon
u9	anon
u10	anon
u11	anon
u12	anon
u13	anon
u14	anon
u15	anon
u16	anon
u17	anon
u18	anon
u19	anon
u20	anon
u21	anon
u22	anon
u23	anon
u24	anon
u25	anon
u26	anon
u27	anon
u28	anon
u29	anon
u30	anon
u31	anon
u32	anon
u33	anon
u34	anon
u35	anon
u36	anon
u37	anon
u38	anon
u39	anon
u40	anon
u41	anon
u42	anon
u43	anon
u44	anon
u45	anon
u46	anon
u47	anon
u48	anon
u49	anon
u50	anon
u51	anon
u52	anon
u53	anon
u54	anon
u55	anon
u56	anon
u57	anon
u58	anon
u59	anon
u60	anon
u61	anon
u62	anon
u63	anon
u64	anon
u65	anon
u66	anon
u67	anon
u68	anon
u69	anon
u70	anon
u71	anon
u72	anon
u73	anon
u74	anon
u75	anon
u76	anon
u77	anon
u78	anon
u79	anon
u80	anon
u81	anon
u82	anon
u83	anon
u84	anon
u85	anon
u86	anon
u87	anon
u88	anon
u89	anon
u90	anon
u91	anon
u92	anon
u93	anon
u94	anon
u95	anon
u96	anon
u97	anon
u98	anon
u99	anon
u100	anon
u101	anon
u102	anon
u103	anon
u104	anon
u105	anon
u106	anon
u107	anon
u108	anon
u109	anon
u110	anon
u111	anon
u112	anon
u113	anon
u114	anon
u115	anon
u116	anon
u117	anon
u118	anon
u119	anon
u120	anon
u121	anon
u122	anon
u123	anon
u124	anon
u125	anon
u126	anon
u127	registered
u128	anon
u129	anon
u130	anon
u131	anon
u132	anon
u133	anon
u134	anon
u135	registered
u136	registered
u137	anon
u138	anon
u139	anon
u140	anon
u141	anon
u142	anon
u143	anon
u144	anon
u145	anon
u146	anon
u147	registered
u148	anon
u149	anon
u150	registered
u151	registered
u152	anon
u153	anon
u154	anon
u155	anon
u156	anon
u157	anon
u158	anon
u159	anon
u160	anon
u161	anon
u162	anon
u163	anon
u164	anon
u165	anon
u166	anon
u167	anon
u168	anon
u169	anon
u170	anon
u171	anon
u172	anon
u173	anon
u174	anon
u175	anon
u176	anon
u177	anon
u178	anon
u179	anon
u180	anon
u181	anon
u182	anon
u183	anon
u184	registered
u185	anon
u186	anon
u187	anon
u188	anon
u189	anon
u190	anon
u191	anon
u192	anon
u193	anon
u194	anon
u195	anon
u196	anon
u197	anon
u198	anon
u199	anon
u200	anon
u201	anon
u202	anon
u203	anon
u204	anon
u205	anon
u206	anon
u207	anon
u208	anon
u209	anon
u210	anon
u211	anon
u212	anon
u213	anon
u214	anon
u215	anon
u216	anon
u217	anon
u218	anon
u219	anon
u220	anon
u221	anon
u222	anon
u223	anon
u224	anon
u225	registered
u226	anon
u227	anon
u228	anon
u229	anon
u230	anon
u231	anon
u232	anon
u233	registered
u234	anon
u235	anon
u236	anon
u237	anon
u238	anon
u239	anon
u240	anon
u241	anon
u242	anon
u243	anon
u244	anon
u245	anon
u246	anon
u247	anon
u248	anon
u249	anon
u250	anon
u251	registered
u252	anon
u253	anon
u254	anon
u255	anon
u256	anon
u257	anon
u258	anon
u259	anon
u260	anon
u261	anon
u262	anon
u263	registered
u264	anon
u265	anon
u266	anon
u267	anon
u268	anon
u269	registered
u270	anon
u271	anon
u272	anon
u273	anon
u274	anon
u275	anon
u276	anon
u277	anon
u278	anon
u279	anon
u280	anon
u281	anon
u282	anon
u283	anon
u284	anon
u285	anon
u286	anon
u287	anon
u288	anon
u289	anon
u290	anon
u291	anon
u292	anon
u293	anon
u294	anon
u295	anon
u296	anon
u297	anon
u298	registered
u299	anon
u300	anon
u301	anon
u302	registered
u303	anon
u304	anon
u305	anon
u306	anon
u307	anon
u308	anon
u309	registered
u310	anon
u311	anon
u312	anon
u313	anon
u314	anon
u315	anon
u316	anon
u317	anon
u318	anon
u319	anon
u320	anon
u321	anon
u322	anon
u323	anon
u324	anon
u325	anon
u326	anon
u327	anon
u328	anon
u329	anon
u330	anon
u331	anon
u332	anon
u333	anon
u334	anon
u335	registered
u336	anon
u337	anon
u338	anon
u339	anon
u340	anon
u341	registered
u342	registered
u343	registered
u344	registered
u345	anon
u346	anon
u347	anon
u348	anon
u349	anon
u350	anon
u351	anon
u352	anon
u353	anon
u354	anon
u355	anon
u356	anon
u357	anon
u358	anon
u359	anon
u360	anon
u361	anon
u362	anon
u363	anon
u364	anon
u365	anon
u366	anon
u367	anon
u368	anon
u369	anon
u370	anon
u371	anon
u372	anon
u373	anon
u374	registered
u375	anon
u376	anon
u377	anon
u378	anon
u379	anon
u380	anon
u381	anon
u382	anon
u383	anon
u384	anon
u385	anon
u386	anon
u387	anon
u388	anon
u389	anon
u390	anon
u391	anon
u392	anon
u393	anon
u394	anon
u395	anon
u396	anon
u397	anon
u398	anon
u399	anon
u400	anon
u401	registered
u402	registered
u403	registered
u404	registered
u405	registered
u406	anon
u407	anon
u408	anon
u409	anon
u410	anon
u411	anon
u412	anon
u413	anon
u414	anon
u415	anon
u416	anon
u417	anon
u418	anon
u419	anon
u420	anon
u421	anon
u422	anon
u423	anon
u424	anon
u425	registered
u426	registered
u427	registered
u428	anon
u429	anon
u430	anon
u431	anon
u432	anon
u433	anon
u434	anon
u435	anon
u436	anon
u437	anon
u438	anon
u439	anon
u440	anon
u441	anon
u442	anon
u443	anon
u444	anon
u445	anon
u446	anon
u447	anon
u448	anon
u449	anon
u450	anon
u451	anon
u452	anon
u453	anon
u454	anon
u455	anon
u456	anon
u457	anon
u458	registered
u459	anon
u460	anon
u461	anon
u462	anon
u463	anon
u464	registered
u465	registered
u466	registered
u467	registered
u468	anon
u469	anon
u470	registered
u471	anon
u472	anon
u473	anon
u474	anon
u475	anon
u476	anon
u477	anon
u478	anon
u479	anon
u480	registered
u481	registered
u482	registered
u483	anon
u484	anon
u485	anon
u486	anon
u487	anon
u488	anon
u489	anon
u490	anon
u491	registered
u492	anon
u493	anon
u494	anon
u495	anon
u496	anon
u497	anon
u498	anon
u499	anon
u500	anon
u501	anon
u502	anon
u503	anon
u504	anon
u505	anon
u506	anon
u507	anon
u508	anon
u509	anon
u510	registered
u511	anon
u512	anon
u513	anon
u514	anon
u515	anon
u516	anon
u517	anon
u518	anon
u519	anon
u520	anon
u521	anon
u522	anon
u523	anon
u524	anon
u525	registered
u526	registered
u527	registered
u528	registered
u529	registered
u530	registered
u531	registered
u532	registered
u533	registered
u534	registered
u535	registered
u536	registered
u537	registered
u538	registered
u539	registered
u540	registered
u541	registered
u542	registered
u543	registered
u544	registered
u545	registered
u546	registered
u547	registered
u548	registered
u549	registered
u550	registered
u551	registered
u552	registered
u553	registered
u554	registered
u555	registered
u556	registered
u557	registered
u558	registered
u559	registered
u560	registered
u561	registered
u562	registered
u563	registered
u564	registered
u565	registered
u566	registered
u567	registered
u568	registered
u569	registered
u570	registered
u571	registered
u572	registered
u573	registered
u574	registered
u575	registered
u576	registered
u577	registered
u578	registered
u579	registered
u580	registered
u581	registered
u582	registered
u583	registered
u584	registered
u585	registered
u586	registered
u587	registered
u588	registered
u589	registered
u590	registered
u591	registered
u592	registered
u593	registered
u594	registered
u595	registered
u596	registered
u597	registered
u598	registered
u599	registered
u600	registered
u601	registered
u602	registered
u603	registered
u604	registered
u605	registered
u606	registered
u607	registered
u608	registered
u609	registered
u610	registered
u611	registered
u612	registered
u613	registered
u614	registered
u615	registered
u616	registered
u617	registered
u618	registered
u619	registered
u620	registered
u621	registered
u622	registered
u623	registered
u624	registered
u625	registered
u626	registered
u627	anon
u628	anon
u629	anon
u630	anon
u631	anon
u632	anon
u633	anon
u634	registered
u635	anon
u636	anon
u637	anon
u638	anon
u639	anon
u640	anon
u641	anon
u642	anon
u643	anon
u644	anon
u645	anon
u646	anon
u647	anon
u648	anon
u649	anon
u650	anon
u651	anon
u652	registered
u653	anon
u654	anon
u655	anon
u656	anon
u657	anon
u658	anon
u659	anon
u660	anon
u661	anon
u662	anon
u663	anon
u664	anon
u665	anon
u666	registered
u667	registered
u668	anon
u669	anon
u670	anon
u671	anon
u672	anon
u673	anon
u674	anon
u675	anon
u676	anon
u677	anon
u678	anon
u679	anon
u680	anon
u681	anon
u682	anon
u683	anon
u684	registered
u685	registered
u686	anon
u687	anon
u688	anon
u689	anon
u690	anon
u691	anon
u692	anon
u693	registered
u694	registered
u695	anon
u696	anon
u697	anon
u698	anon
u699	anon
u700	anon
u701	anon
u702	anon
u703	anon
u704	anon
u705	anon
u706	anon
u707	anon
u708	anon
u709	anon
u710	anon
u711	anon
u712	anon
u713	anon
u714	anon
u715	anon
u716	anon
u717	anon
u718	anon
u719	anon
u720	anon
u721	anon
u722	anon
u723	anon
u724	anon
u725	anon
u726	anon
u727	anon
u728	anon
u729	registered
u730	anon
u731	anon
u732	anon
u733	registered
u734	registered
u735	registered
u736	anon
u737	anon
u738	anon
u739	anon
u740	anon
u741	registered
u742	anon
u743	anon
u744	anon
u745	anon
u746	anon
u747	anon
u748	anon
u749	anon
u750	anon
u751	anon
u752	anon
u753	anon
u754	anon
u755	anon
u756	anon
u757	anon
u758	anon
u759	anon
u760	anon
u761	anon
u762	anon
u763	anon
u764	anon
u765	anon
u766	anon
u767	anon
u768	anon
u769	anon
u770	anon
u771	anon
u772	anon
u773	anon
u774	anon
u775	anon
u776	anon
u777	anon
u778	anon
u779	anon
u780	anon
u781	anon
u782	registered
u783	anon
u784	anon
u785	anon
u786	anon
u787	anon
u788	anon
u789	anon
u790	anon
u791	anon
u792	registered
u793	anon
u794	anon
u795	anon
u796	anon
u797	anon
u798	anon
u799	anon
u800	anon
u801	anon
u802	registered
u803	anon
u804	anon
u805	anon
u806	anon
u807	anon
u808	anon
u809	anon
u810	anon
u811	anon
u812	registered
u813	registered
u814	anon
u815	anon
u816	anon
u817	registered
u818	anon
u819	anon
u820	anon
u821	anon
u822	anon
u823	anon
u824	anon
u825	anon
u826	anon
u827	anon
u828	anon
u829	anon
u830	anon
u831	anon
u832	anon
u833	anon
u834	anon
u835	anon
u836	anon
u837	anon
u838	registered
u839	anon
u840	anon
u841	anon
u842	anon
u843	registered
u844	anon
u845	anon
u846	anon
u847	anon
u848	anon
u849	anon
u850	anon
u851	anon
u852	anon
u853	anon
u854	anon
u855	anon
u856	anon
u857	anon
u858	anon
u859	registered
u860	anon
u861	anon
u862	anon
u863	anon
u864	registered
u865	anon
u866	anon
u867	anon
u868	anon
u869	anon
u870	registered
u871	anon
u872	anon
u873	anon
u874	anon
u875	anon
u876	anon
u877	anon
u878	anon
u879	anon
u880	anon
u881	anon
u882	anon
u883	anon
u884	anon
u885	anon
u886	anon
u887	registered
u888	registered
u889	anon
u890	anon
u891	anon
u892	anon
u893	anon
u894	anon
u895	registered
u896	anon
u897	anon
u898	anon
u899	anon
u900	anon
u901	anon
u902	anon
u903	anon
u904	anon
u905	anon
u906	anon
u907	anon
u908	anon
u909	anon
u910	anon
u911	anon
u912	anon
u913	anon
u914	anon
u915	anon
u916	anon
u917	anon
u918	anon
u919	anon
u920	anon
u921	anon
u922	anon
u923	anon
u924	anon
u925	anon
u926	anon
u927	anon
u928	anon
u929	anon
u930	anon
u931	anon
u932	anon
u933	anon
u934	anon
u935	anon
u936	anon
u937	anon
u938	anon
u939	anon
u940	anon
u941	registered
u942	anon
u943	anon
u944	anon
u945	anon
u946	anon
u947	anon
u948	anon
u949	anon
u950	anon
u951	anon
u952	anon
u953	anon
u954	anon
u955	anon
u956	anon
u957	anon
u958	anon
u959	registered
u960	registered
u961	registered
u962	registered
u963	anon
u964	anon
u965	anon
u966	anon
u967	anon
u968	anon
u969	anon
u970	anon
u971	anon
u972	registered
u973	anon
u974	anon
u975	anon
u976	anon
u977	anon
u978	anon
u979	anon
u980	anon
u981	anon
u982	anon
u983	anon
u984	anon
u985	anon
u986	anon
u987	anon
u988	anon
u989	anon
u990	anon
u991	anon
u992	anon
u993	anon
u994	anon
u995	anon
u996	anon
u997	anon
u998	anon
u999	anon
u1000	anon
u1001	anon
u1002	anon
u1003	anon
u1004	anon
u1005	anon
u1006	anon
u1007	anon
u1008	anon
u1009	registered
u1010	anon
u1011	anon
u1012	anon
u1013	anon
u1014	anon
u1015	registered
u1016	anon
u1017	anon
u1018	anon
u1019	anon
u1020	anon
u1021	anon
u1022	anon
u1023	anon
u1024	anon
u1025	anon
u1026	anon
u1027	registered
u1028	anon
u1029	anon
u1030	anon
u1031	registered
u1032	anon
u1033	anon
u1034	anon
u1035	anon
u1036	anon
u1037	anon
u1038	anon
u1039	registered
u1040	registered
u1041	registered
u1042	registered
u1043	registered
u1044	registered
u1045	registered
u1046	registered
u1047	registered
u1048	registered
u1049	registered
u1050	registered
u1051	registered
u1052	registered
u1053	registered
u1054	registered
u1055	registered
u1056	registered
u1057	registered
u1058	registered
u1059	registered
u1060	registered
u1061	registered
u1062	registered
u1063	registered
u1064	registered
u1065	anon
u1066	anon
u1067	anon
u1068	anon
u1069	anon
u1070	anon
u1071	anon
u1072	anon
u1073	anon
u1074	anon
u1075	anon
u1076	anon
u1077	anon
u1078	anon
u1079	anon
u1080	anon
u1081	anon
u1082	anon
u1083	anon
u1084	anon
u1085	anon
u1086	anon
u1087	anon
u1088	anon
u1089	anon
u1090	anon
u1091	anon
u1092	anon
u1093	anon
u1094	anon
u1095	anon
u1096	anon
u1097	anon
u1098	anon
u1099	anon
u1100	anon
u1101	anon
u1102	anon
u1103	anon
u1104	anon
u1105	anon
u1106	anon
u1107	anon
u1108	anon
u1109	anon
u1110	anon
u1111	anon
u1112	anon
u1113	anon
u1114	anon
u1115	anon
u1116	anon
u1117	anon
u1118	anon
u1119	anon
u1120	anon
u1121	anon
u1122	anon
u1123	anon
u1124	anon
u1125	anon
u1126	anon
u1127	anon
u1128	anon
u1129	anon
u1130	anon
u1131	anon
u1132	anon
u1133	anon
u1134	anon
u1135	anon
u1136	anon
u1137	anon
u1138	anon
u1139	anon
u1140	anon
u1141	anon
u1142	anon
u1143	anon
u1144	anon
u1145	anon
u1146	anon
u1147	anon
u1148	anon
u1149	anon
u1150	anon
u1151	anon
u1152	anon
u1153	anon
u1154	anon
u1155	anon
u1156	anon
u1157	anon
u1158	anon
u1159	anon
u1160	anon
u1161	anon
u1162	anon
u1163	anon
u1164	anon
u1165	anon
u1166	anon
u1167	anon
u1168	anon
u1169	anon
u1170	anon
u1171	anon
u1172	anon
u1173	anon
u1174	anon
u1175	anon
u1176	anon
u1177	anon
u1178	anon
u1179	anon
u1180	anon
u1181	anon
u1182	anon
u1183	anon
u1184	anon
u1185	anon
u1186	anon
u1187	anon
u1188	anon
u1189	anon
u1190	anon
u1191	anon
u1192	anon
u1193	anon
u1194	anon
u1195	anon
u1196	anon
u1197	anon
u1198	anon
u1199	anon
u1200	anon
u1201	anon
u1202	anon
u1203	anon
u1204	anon
u1205	anon
u1206	anon
u1207	anon
u1208	anon
u1209	anon
u1210	registered
u1211	anon
u1212	anon
u1213	anon
u1214	anon
u1215	registered
u1216	anon
u1217	anon
u1218	anon
u1219	anon
u1220	anon
u1221	anon
u1222	anon
u1223	anon
u1224	anon
u1225	anon
u1226	anon
u1227	anon
u1228	anon
u1229	anon
u1230	registered
u1231	anon
u1232	anon
u1233	anon
u1234	anon
u1235	anon
u1236	anon
u1237	anon
u1238	anon
u1239	anon
u1240	anon
u1241	anon
u1242	anon
u1243	anon
u1244	anon
u1245	anon
u1246	anon
u1247	anon
u1248	anon
u1249	anon
u1250	anon
u1251	anon
u1252	registered
u1253	registered
u1254	anon
u1255	anon
u1256	anon
u1257	anon
u1258	anon
u1259	anon
u1260	anon
u1261	anon
u1262	anon
u1263	anon
u1264	anon
u1265	anon
u1266	anon
u1267	anon
u1268	anon
u1269	anon
u1270	registered
u1271	anon
u1272	anon
u1273	anon
u1274	anon
u1275	anon
u1276	anon
u1277	registered
u1278	registered
u1279	anon
u1280	anon
u1281	anon
u1282	anon
u1283	anon
u1284	anon
u1285	anon
u1286	anon
u1287	anon
u1288	anon
u1289	anon
u1290	anon
u1291	anon
u1292	anon
u1293	anon
u1294	anon
u1295	anon
u1296	anon
u1297	anon
u1298	anon
u1299	anon
u1300	anon
u1301	anon
u1302	anon
u1303	anon
u1304	anon
u1305	anon
u1306	anon
u1307	anon
u1308	anon
u1309	anon
u1310	anon
u1311	anon
u1312	anon
u1313	anon
u1314	anon
u1315	anon
u1316	anon
u1317	anon
u1318	anon
u1319	registered
u1320	anon
u1321	anon
u1322	anon
u1323	anon
u1324	anon
u1325	anon
u1326	anon
u1327	anon
u1328	anon
u1329	registered
u1330	anon
u1331	anon
u1332	anon
u1333	anon
u1334	anon
u1335	anon
u1336	anon
u1337	anon
u1338	registered
u1339	registered
u1340	anon
u1341	anon
u1342	anon
u1343	anon
u1344	anon
u1345	anon
u1346	anon
u1347	anon
u1348	anon
u1349	anon
u1350	anon
u1351	anon
u1352	anon
u1353	anon
u1354	anon
u1355	anon
u1356	anon
u1357	anon
u1358	anon
u1359	anon
u1360	anon
u1361	anon
u1362	anon
u1363	anon
u1364	anon
u1365	anon
u1366	anon
u1367	anon
u1368	anon
u1369	anon
u1370	anon
u1371	anon
u1372	anon
u1373	anon
u1374	anon
u1375	anon
u1376	anon
u1377	anon
u1378	registered
u1379	anon
u1380	anon
u1381	anon
u1382	anon
u1383	registered
u1384	registered
u1385	anon
u1386	anon
u1387	anon
u1388	anon
u1389	anon
u1390	anon
u1391	anon
u1392	anon
u1393	anon
u1394	anon
u1395	anon
u1396	anon
u1397	anon
u1398	anon
u1399	anon
u1400	anon
u1401	anon
u1402	anon
u1403	anon
u1404	registered
u1405	anon
u1406	anon
u1407	anon
u1408	anon
u1409	anon
u1410	registered
u1411	anon
u1412	anon
u1413	anon
u1414	anon
u1415	anon
u1416	anon
u1417	registered
u1418	anon
u1419	anon
u1420	anon
u1421	anon
u1422	anon
u1423	registered
u1424	registered
u1425	registered
u1426	anon
u1427	anon
u1428	anon
u1429	anon
u1430	anon
u1431	anon
u1432	anon
u1433	anon
u1434	anon
u1435	anon
u1436	anon
u1437	anon
u1438	anon
u1439	anon
u1440	anon
u1441	anon
u1442	anon
u1443	anon
u1444	registered
u1445	anon
u1446	anon
u1447	anon
u1448	anon
u1449	anon
u1450	anon
u1451	anon
u1452	anon
u1453	anon
u1454	registered
u1455	anon
u1456	anon
u1457	anon
u1458	anon
u1459	anon
u1460	anon
u1461	anon
u1462	anon
u1463	anon
u1464	anon
u1465	anon
u1466	anon
u1467	anon
u1468	anon
u1469	anon
u1470	anon
u1471	anon
u1472	anon
u1473	anon
u1474	anon
u1475	anon
u1476	anon
u1477	anon
u1478	anon
u1479	anon
u1480	anon
u1481	anon
u1482	anon
u1483	anon
u1484	registered
u1485	registered
u1486	registered
u1487	anon
u1488	anon
u1489	anon
u1490	anon
u1491	registered
u1492	anon
u1493	anon
u1494	anon
u1495	anon
u1496	anon
u1497	anon
u1498	anon
u1499	anon
u1500	anon
u1501	anon
u1502	anon
u1503	anon
u1504	anon
u1505	anon
u1506	anon
u1507	anon
u1508	anon
u1509	anon
u1510	anon
u1511	anon
u1512	anon
u1513	anon
u1514	registered
u1515	anon
u1516	anon
u1517	anon
u1518	anon
u1519	anon
u1520	anon
u1521	anon
u1522	anon
u1523	anon
u1524	anon
u1525	anon
u1526	anon
u1527	anon
u1528	anon
u1529	anon
u1530	anon
u1531	anon
u1532	anon
u1533	anon
u1534	anon
u1535	anon
u1536	anon
u1537	anon
u1538	anon
u1539	anon
u1540	anon
u1541	anon
u1542	anon
u1543	registered
u1544	registered
u1545	anon
u1546	anon
u1547	registered
u1548	anon
u1549	anon
u1550	anon
u1551	anon
u1552	anon
u1553	anon
u1554	anon
u1555	anon
u1556	anon
u1557	anon
u1558	anon
u1559	anon
u1560	anon
u1561	registered
u1562	anon
u1563	anon
u1564	anon
u1565	anon
u1566	anon
u1567	anon
u1568	anon
u1569	anon
u1570	anon
u1571	anon
u1572	anon
u1573	anon
u1574	anon
u1575	anon
u1576	anon
u1577	anon
u1578	anon
u1579	anon
u1580	anon
u1581	anon
u1582	registered
u1583	anon
u1584	anon
u1585	anon
u1586	anon
u1587	anon
u1588	anon
u1589	anon
u1590	anon
u1591	registered
u1592	anon
u1593	anon
u1594	anon
u1595	anon
u1596	anon
u1597	anon
u1598	anon
u1599	anon
u1600	registered
u1601	anon
u1602	anon
u1603	anon
u1604	anon
u1605	anon
u1606	anon
u1607	registered
u1608	registered
u1609	registered
u1610	anon
u1611	anon
u1612	registered
u1613	registered
u1614	registered
u1615	registered
u1616	registered
u1617	registered
u1618	registered
u1619	registered
u1620	registered
u1621	registered
u1622	registered
u1623	registered
u1624	registered
u1625	registered
u1626	registered
u1627	registered
u1628	registered
u1629	registered
u1630	registered
u1631	registered
u1632	registered
u1633	registered
u1634	registered
u1635	registered
u1636	registered
u1637	registered
u1638	registered
u1639	registered
u1640	registered
u1641	registered
u1642	registered
u1643	registered
u1644	registered
u1645	registered
u1646	registered
u1647	registered
u1648	registered
u1649	registered
u1650	registered
u1651	registered
u1652	registered
u1653	registered
u1654	registered
u1655	registered
u1656	registered
u1657	registered
u1658	registered
u1659	registered
u1660	registered
u1661	registered
u1662	registered
u1663	registered
u1664	registered
u1665	registered
u1666	registered
u1667	registered
u1668	registered
u1669	registered
u1670	registered
u1671	registered
u1672	registered
u1673	registered
u1674	registered
u1675	registered
u1676	registered
u1677	registered
u1678	registered
u1679	registered
u1680	registered
u1681	registered
u1682	registered
u1683	registered
u1684	registered
u1685	registered
u1686	registered
u1687	registered
u1688	registered
u1689	registered
u1690	registered
u1691	registered
u1692	registered
u1693	registered
u1694	registered
u1695	registered
u1696	registered
u1697	registered
u1698	registered
u1699	registered
u1700	registered
u1701	registered
u1702	registered
u1703	registered
u1704	registered
u1705	registered
u1706	registered
u1707	registered
u1708	registered
u1709	registered
u1710	registered
u1711	registered
u1712	registered
u1713	registered
u1714	registered
u1715	registered
u1716	anon
u1717	registered
u1718	registered
u1719	anon
u1720	anon
u1721	anon
u1722	anon
u1723	anon
u1724	anon
u1725	anon
u1726	registered
u1727	anon
u1728	anon
u1729	anon
u1730	anon
u1731	anon
u1732	anon
u1733	anon
u1734	anon
u1735	anon
u1736	anon
u1737	anon
u1738	anon
u1739	anon
u1740	anon
u1741	anon
u1742	anon
u1743	anon
u1744	anon
u1745	anon
u1746	anon
u1747	anon
u1748	anon
u1749	anon
u1750	anon
u1751	anon
u1752	anon
u1753	registered
u1754	anon
u1755	anon
u1756	anon
u1757	anon
u1758	anon
u1759	registered
u1760	registered
u1761	anon
u1762	anon
u1763	anon
u1764	anon
u1765	anon
u1766	anon
u1767	anon
u1768	anon
u1769	anon
u1770	anon
u1771	anon
u1772	anon
u1773	anon
u1774	registered
u1775	anon
u1776	anon
u1777	anon
u1778	anon
u1779	anon
u1780	anon
u1781	registered
u1782	anon
u1783	anon
u1784	anon
u1785	anon
u1786	anon
u1787	anon
u1788	anon
u1789	anon
u1790	anon
u1791	anon
u1792	anon
u1793	anon
u1794	anon
u1795	anon
u1796	anon
u1797	anon
u1798	anon
u1799	anon
u1800	anon
u1801	anon
u1802	anon
u1803	anon
u1804	anon
u1805	anon
u1806	anon
u1807	anon
u1808	anon
u1809	anon
u1810	anon
u1811	anon
u1812	anon
u1813	anon
u1814	anon
u1815	anon
u1816	anon
u1817	anon
u1818	anon
u1819	anon
u1820	anon
u1821	anon
u1822	anon
u1823	anon
u1824	anon
u1825	anon
u1826	anon
u1827	anon
u1828	anon
u1829	anon
u1830	anon
u1831	anon
u1832	anon
u1833	anon
u1834	anon
u1835	anon
u1836	anon
u1837	anon
u1838	anon
u1839	anon
u1840	anon
u1841	anon
u1842	anon
u1843	anon
u1844	anon
u1845	anon
u1846	anon
u1847	anon
u1848	anon
u1849	anon
u1850	anon
u1851	anon
u1852	registered
u1853	registered
u1854	anon
u1855	registered
u1856	anon
u1857	anon
u1858	anon
u1859	anon
u1860	registered
u1861	anon
u1862	anon
u1863	anon
u1864	anon
u1865	anon
u1866	anon
u1867	anon
u1868	registered
u1869	anon
u1870	anon
u1871	anon
u1872	anon
u1873	anon
u1874	anon
u1875	anon
u1876	anon
u1877	anon
u1878	anon
u1879	anon
u1880	anon
u1881	anon
u1882	anon
u1883	anon
u1884	anon
u1885	anon
u1886	anon
u1887	anon
u1888	anon
u1889	anon
u1890	anon
u1891	anon
u1892	anon
u1893	anon
u1894	anon
u1895	anon
u1896	anon
u1897	anon
u1898	anon
u1899	anon
u1900	anon
u1901	registered
u1902	anon
u1903	anon
u1904	anon
u1905	anon
u1906	anon
u1907	anon
u1908	anon
u1909	anon
u1910	anon
u1911	anon
u1912	anon
u1913	anon
u1914	anon
u1915	anon
u1916	anon
u1917	anon
u1918	anon
u1919	anon
u1920	anon
u1921	anon
u1922	registered
u1923	anon
u1924	anon
u1925	anon
u1926	anon
u1927	anon
u1928	anon
u1929	registered
u1930	anon
u1931	anon
u1932	anon
u1933	anon
u1934	anon
u1935	anon
u1936	anon
u1937	anon
u1938	anon
u1939	anon
u1940	anon
u1941	anon
u1942	anon
u1943	anon
u1944	anon
u1945	anon
u1946	anon
u1947	anon
u1948	anon
u1949	anon
u1950	anon
u1951	anon
u1952	anon
u1953	anon
u1954	anon
u1955	anon
u1956	anon
u1957	anon
u1958	anon
u1959	anon
u1960	anon
u1961	anon
u1962	anon
u1963	anon
u1964	anon
u1965	anon
u1966	anon
u1967	anon
u1968	anon
u1969	anon
u1970	anon
u1971	anon
u1972	anon
u1973	anon
u1974	anon
u1975	anon
u1976	anon
u1977	anon
u1978	registered
u1979	anon
u1980	anon
u1981	anon
u1982	anon
u1983	anon
u1984	anon
u1985	anon
u1986	anon
u1987	anon
u1988	anon
u1989	anon
u1990	anon
u1991	registered
u1992	registered
u1993	registered
u1994	anon
u1995	anon
u1996	anon
u1997	anon
u1998	anon
u1999	anon
u2000	anon
u2001	anon
u2002	anon
u2003	anon
u2004	anon
u2005	anon
u2006	anon
u2007	anon
u2008	anon
u2009	anon
u2010	anon
u2011	anon
u2012	anon
u2013	registered
u2014	anon
u2015	anon
u2016	anon
u2017	anon
u2018	anon
u2019	anon
u2020	anon
u2021	anon
u2022	anon
u2023	anon
u2024	anon
u2025	registered
u2026	registered
u2027	anon
u2028	registered
u2029	anon
u2030	anon
u2031	anon
u2032	anon
u2033	anon
u2034	anon
u2035	anon
u2036	anon
u2037	anon
u2038	anon
u2039	registered
u2040	registered
u2041	anon
u2042	anon
u2043	anon
u2044	anon
u2045	anon
u2046	registered
u2047	anon
u2048	anon
u2049	anon
u2050	anon
u2051	anon
u2052	anon
u2053	anon
u2054	anon
u2055	anon
u2056	anon
u2057	registered
u2058	anon
u2059	registered
u2060	registered
u2061	registered
u2062	registered
u2063	registered
u2064	registered
u2065	registered
u2066	registered
u2067	registered
u2068	registered
u2069	registered
u2070	registered
u2071	registered
u2072	registered
u2073	registered
u2074	registered
u2075	registered
u2076	registered
u2077	registered
u2078	registered
u2079	registered
u2080	registered
u2081	registered
u2082	registered
u2083	registered
u2084	registered
u2085	registered
u2086	registered
u2087	registered
u2088	registered
u2089	registered
u2090	registered
u2091	registered
u2092	registered
u2093	registered
u2094	registered
u2095	registered
u2096	registered
u2097	registered
u2098	registered
u2099	registered
u2100	registered
u2101	registered
u2102	registered
u2103	registered
u2104	registered
u2105	registered
u2106	registered
u2107	registered
u2108	registered
u2109	registered
u2110	registered
u2111	registered
u2112	registered
u2113	registered
u2114	registered
u2115	registered
u2116	registered
u2117	registered
u2118	registered
u2119	registered
u2120	registered
u2121	registered
u2122	registered
u2123	registered
u2124	registered
u2125	registered
u2126	registered
u2127	registered
u2128	registered
u2129	registered
u2130	registered
u2131	registered
u2132	registered
u2133	registered
u2134	registered
u2135	registered
u2136	registered
u2137	registered
u2138	registered
u2139	registered
u2140	registered
u2141	registered
u2142	registered
u2143	registered
u2144	registered
u2145	registered
u2146	registered
u2147	registered
u2148	registered
u2149	registered
u2150	registered
u2151	registered
u2152	registered
u2153	registered
u2154	registered
u2155	registered
u2156	registered
u2157	registered
u2158	registered
u2159	registered
u2160	registered
u2161	registered
u2162	registered
u2163	registered
u2164	registered
u2165	registered
u2166	registered
u2167	registered
u2168	registered
u2169	registered
u2170	registered
u2171	registered
u2172	registered
u2173	registered
u2174	registered
u2175	registered
u2176	registered
u2177	registered
u2178	registered
u2179	registered
u2180	registered
u2181	registered
u2182	anon
u2183	registered
u2184	registered
u2185	registered
u2186	registered
u2187	anon
u2188	anon
u2189	anon
u2190	anon
u2191	anon
u2192	anon
u2193	anon
u2194	anon
u2195	anon
u2196	anon
u2197	anon
u2198	anon
u2199	anon
u2200	anon
u2201	anon
u2202	anon
u2203	anon
u2204	anon
u2205	anon
u2206	anon
u2207	anon
u2208	anon
u2209	anon
u2210	anon
u2211	anon
u2212	anon
u2213	anon
u2214	anon
u2215	anon
u2216	anon
u2217	anon
u2218	anon
u2219	anon
u2220	anon
u2221	anon
u2222	anon
u2223	anon
u2224	anon
u2225	anon
u2226	registered
u2227	registered
u2228	registered
u2229	registered
u2230	registered
u2231	registered
u2232	anon
u2233	anon
u2234	anon
u2235	anon
u2236	anon
u2237	anon
u2238	anon
u2239	anon
u2240	anon
u2241	anon
u2242	anon
u2243	anon
u2244	anon
u2245	anon
u2246	anon
u2247	anon
u2248	anon
u2249	anon
u2250	anon
u2251	anon
u2252	anon
u2253	anon
u2254	anon
u2255	anon
u2256	anon
u2257	anon
u2258	anon
u2259	anon
u2260	anon
u2261	anon
u2262	anon
u2263	anon
u2264	anon
u2265	anon
u2266	anon
u2267	registered
u2268	registered
u2269	registered
u2270	registered
u2271	registered
u2272	registered
u2273	registered
u2274	registered
u2275	registered
u2276	registered
u2277	registered
u2278	registered
u2279	registered
u2280	registered
u2281	registered
u2282	registered
u2283	registered
u2284	registered
u2285	registered
u2286	registered
u2287	registered